06620,,0,SCHAFFHAUSEN,,47.68,8.62,437.0,,,
06641,,0,MOEHLIN,,47.57,7.88,344.0,,,
06666,,0,LEIBSTADT (KKW),,47.6,8.18,341.0,,,
10303,15813,0,LINGEN-BACCUM,,52.52,7.42,40.0,,,
10320,1892,0,GUETERSLOH,,51.92,8.3,72.0,,,
10522,,0,EUSKIRCHEN,,50.65,6.78,176.0,,,
12200,,0,SWINOUJSCIE,,53.92,14.23,5.0,,,
A483,19172,0,WACKEN,,54.02,9.38,48.0,,,
B508,839,0,CARLOW,,53.77,10.93,27.0,,,
B565,1669,0,BORRENTIN-WOLKWITZ,,53.82,12.97,40.0,,,
B794,4290,0,ROTHENKLEMPENOW,,53.52,14.22,14.0,,,
E235,642,0,BRAKE,,53.35,8.5,1.0,,,
E631,988,0,DINKLAGE,,52.67,8.12,25.0,,,
E931,378,0,BERKA,,51.68,10.12,136.0,,,
F050,2438,0,UCKERLAND-KARLSTEIN,,53.43,13.82,40.0,,,
F508,13662,0,BOECKE,,52.3,12.4,37.0,,,
G222,15672,0,GROSSOSTHEIM,,49.93,9.05,129.0,,,
G321,15645,0,FEISTENAICH,,48.7,12.33,460.0,,,
G401,19143,0,BOLLBERG,,50.88,11.72,228.0,,,
G402,19144,0,BOESLEBEN,,50.83,11.07,360.0,,,
G403,19145,0,BURKERSDORF,,50.65,11.88,441.0,,,
G406,19148,0,DOBITSCHEN,,50.93,12.32,248.0,,,
G407,19149,0,DORNBURG,,51.0,11.67,242.0,,,
G408,19150,0,EHRENHAIN,,50.95,12.52,220.0,,,
G409,19151,0,ERFURT LVG,,51.0,11.05,192.0,,,
G410,19152,0,FRIEMAR,,50.98,10.78,288.0,,,
G413,19155,0,GROSSENSTEIN,,50.92,12.22,281.0,,,
G414,19156,0,HAUFELD,,50.82,11.27,421.0,,,
G416,19158,0,KALTENEBER,,51.32,10.18,476.0,,,
G417,19159,0,KINDELBRUECK,,51.25,11.1,190.0,,,
G418,19160,0,KIRCHENGEL,,51.28,10.92,326.0,,,
G419,19161,0,KUTZLEBEN,,51.2,10.87,216.0,,,
G420,19162,0,MOENCHPFIFFEL,,51.38,11.38,135.0,,,
G421,19163,0,OBERWEISSBACH,,50.58,11.13,682.0,,,
G422,19165,0,"SCHLOSSVIPPACH, KREI",,51.1,11.15,174.0,,,
G423,19166,0,"STRAUSSFURT, KREIS S",,51.17,10.97,186.0,,,
G424,19310,0,OBER-ERLENBACH,,50.23,8.68,200.0,,,
G426,19312,0,WITZENHAUSEN-WENDERS,,51.32,9.88,209.0,,,
G427,19313,0,GRIESHEIM B. DARMSTA,,49.85,8.55,89.0,,,
G428,19314,0,FRIEDBERG-OCKSTADT,,50.33,8.72,185.0,,,
G429,19315,0,RIEDSTADT,,49.85,8.45,87.0,,,
G462,,0,HEYDENHOF,,53.87,13.27,23.0,,,
G464,,0,KLETZIN,,53.93,13.15,17.0,,,
G470,,0,METSCHOW,,53.83,12.95,46.0,,,
G475,,0,PASSOW/VORPOMMERN,,54.0,13.23,23.0,,,
G482,,0,TOITZ,,53.97,12.98,7.0,,,
H261,2027,0,HARSEWINKEL,,51.98,8.22,63.0,,,
H767,3657,0,NUEMBRECHT AUF DEM L,,50.92,7.55,341.0,,,
K065,4661,0,PETERSLAHR (KLAERANL,,50.62,7.48,160.0,,,
K2649,,0,KOENIGSTEIN/TS.,,50.18,8.48,388.0,,,
K270,6242,0,MUELHEIM-KAERLICH,,50.42,7.5,64.0,,,
K2718,,0,KIRCHHEIM/TECK,,48.67,9.42,289.0,,,
K272,13912,0,NASSAU (KLAERANLAGE),,50.32,7.78,80.0,,,
K626,15825,0,HERMESKEIL,,49.7,7.03,650.0,,,
K763,7140,0,ECKELSHEIM (VILLA BA,,49.78,7.98,140.0,,,
L138,3443,0,NAUMBURG-ALTENSTAEDT,,51.27,9.2,304.0,,,
L561,2897,0,LAUTERTAL-HOERGENAU,,50.58,9.28,522.0,,,
L732,2329,0,"HOMBURG, BAD (FILTER",,50.25,8.57,255.0,,,
L850,3136,0,MUEHLHEIM/MAIN,,50.13,8.82,102.0,,,
L857,,0,SELIGENSTADT AB,,50.03,8.93,125.0,,,
M879,2992,0,REMPTENDORF,,50.53,11.67,495.0,,,
M888,,0,SCHLEIZ,,50.55,11.78,528.0,,,
N3833,,0,WEIBERSBRUNN,,49.9,9.4,470.0,,,
N4277,,0,LEHRE,,52.33,10.67,90.0,,,
N4333,,0,BAD HOMBURG,,50.25,8.57,255.0,,,
N443,,0,IRXLEBEN,,52.18,11.45,122.0,,,
N511,213,0,SARGSTEDT,,51.93,10.98,170.0,,,
N5432,,0,MUEHLHAUSEN,,51.2,10.5,190.0,,,
N6553,,0,HASSELFELDE(WASSW.),,51.72,10.82,485.0,,,
N7182,,0,LOEBAU,,51.1,14.68,249.0,,,
O120,1166,0,EILENBURG,,51.47,12.67,105.0,,,
O795,5943,0,ROSENTHAL-BIELATAL,,50.83,14.07,460.0,,,
P0190,,0,NASSAU/RHL.-PFALZ,,50.32,7.78,90.0,,,
P0259,,0,TRUCHTELFINGEN,,48.23,9.02,826.0,,,
P0269,,0,STOFFENRIEDER FORST,,48.33,10.25,439.0,,,
P0288,,0,MEERANE,,50.85,12.45,250.0,,,
P0417,,0,KUESTE JASMUND BODD.,,54.5,13.5,3.0,,,
P0477,,0,ENERTRAG,,53.27,14.03,100.0,,,
P0515,,0,SCHILBACH,,50.5,11.87,539.0,,,
P0635,,0,LEMFOERDE,,52.48,8.38,40.0,,,
P0636,,0,LENGERICH,,52.57,7.53,26.0,,,
P099,4663,0,SELB-SPIELBERG,,50.17,12.03,610.0,,,
P106,1851,0,GROSSOSTHEIM,,49.92,9.08,110.0,,,
P315,970,0,DIETENHOFEN,,49.42,10.67,405.0,,,
P359,4494,0,SCHMIDMUEHLEN,,49.28,11.92,453.0,,,
P421,1607,0,GEORGENSGMUEND,,49.2,11.03,346.0,,,
P832,6238,0,STARNBERG-PERCHTING,,47.98,11.27,675.0,,,
P875,857,0,CHIEMSEE-HERRENCHIEM,,47.87,12.38,536.0,,,
P938,6307,0,GARMISCH-PARTENKIRCH,,47.48,10.93,801.0,,,
P990,2885,0,LAUFEN/OBB.-LEBENAU,,47.95,12.9,430.0,,,
Q105,6243,0,PHILIPPSBURG KKW,,49.25,8.43,96.0,,,
Q132,6244,0,OBRIGHEIM,,49.37,9.08,145.0,,,
Q246,6245,0,NECKARWESTHEIM KKW,,49.03,9.17,180.0,,,
Q258,3733,0,OBERSTENFELD-PREVORS,,49.05,9.38,468.0,,,
Q278,1538,0,GAILDORF-HAEGENAU,,49.02,9.73,351.0,,,
Q285,5206,0,VELLBERG-KLEINALTDOR,,49.12,9.9,396.0,,,
Q425,4710,0,SIMMERSFELD,,48.62,8.52,720.0,,,
Q430,2996,0,"LIEBENZELL, BAD (LUB",,48.77,8.73,352.0,,,
Q521,3802,0,OPPENAU,,48.48,8.17,315.0,,,
Q676,2072,0,HAYINGEN,,48.27,9.47,665.0,,,
Q732,2677,0,KOENIGSFELD/SCHWARZW,,48.13,8.43,730.0,,,
Q751,71,0,ALBSTADT-BADKAP,,48.22,8.98,759.0,,,
Q800,6256,0,BREMGARTEN (FESSENHE,,47.92,7.58,201.0,,,
Q880,7135,0,AULENDORF-HASLACH,,47.97,9.68,565.0,,,
Q918,6246,0,WALDSHUT KKW,,47.62,8.22,340.0,,,
X035,,0,UNTERREYSSEN,,51.33,13.25,70.0,,,
X048,,0,WASUNGEN,,50.67,10.37,275.0,,,
X104,,0,BERLIN-TEGEL,,52.57,13.28,40.0,,,
X128,,0,FRANKFURT-HAHN,,49.95,7.27,548.0,,,
X132,,0,KARLSRUHE/BADEN-BADE,,48.78,8.08,136.0,,,
X133,,0,KASSEL-CALDEN,,51.4,9.37,302.0,,,
X149,,0,TINNUM,,54.9,8.33,8.0,,,
X376,,0,EHRINGEN/DONAU,,48.28,9.72,520.0,,,
X378,,0,BAD WALDSEE,,47.92,9.75,620.0,,,
X379,,0,MESSSTETTEN,,48.18,8.98,920.0,,,
X381,,0,SCHONACH,,48.13,8.2,904.0,,,
X382,,0,TITISEE-NEUSTADT,,47.9,8.17,860.0,,,
X383,,0,FREUDENSTADT,,48.45,8.4,796.0,,,
X384,,0,ALTENSTEIG-WART,,48.62,8.65,586.0,,,
X391,,0,BOLTENHAGEN,,54.0,11.18,15.0,,,
X393,,0,TETEROW,,53.77,12.62,50.0,,,
X397,,0,UECKERMUENDE,,53.73,14.07,1.0,,,
X398,,0,WAREN(MUERITZ),,53.52,12.67,73.0,,,
X399,,0,NEUBRANDENBURG,,53.55,13.2,81.0,,,
X400,,0,FELDBERG/MECKLENBURG,,53.32,13.42,115.0,,,
X405,,0,DEMMIN,,53.92,13.05,17.0,,,
X406,,0,WOLGAST,,54.05,13.78,8.0,,,
X414,,0,RERIK,,54.12,11.62,18.0,,,
X416,,0,NEUSTRELITZ,,53.38,13.05,64.0,,,
X421,,0,NEUGLOBSOW,,53.15,13.03,62.0,,,
X427,,0,ELSTERWERDA,,51.47,13.53,91.0,,,
X428,,0,ZEHDENICK,,52.98,13.35,46.0,,,
X429,,0,STRAUSBERG,,52.58,13.88,73.0,,,
X430,,0,DAHME,,51.87,13.43,86.0,,,
X432,,0,FRIESACK,,52.77,12.58,29.0,,,
X434,,0,WITTENBERGE,,53.0,11.77,22.0,,,
X435,,0,SCHOENBORN,,51.6,13.5,115.0,,,
X438,,0,LUCKENWALDE,,52.17,13.15,40.0,,,
X439,,0,BLIESDORF,,52.68,14.17,5.0,,,
X452,,0,GOERLITZ,,51.17,14.95,238.0,,,
X454,,0,SCHWEDT,,53.07,14.27,1.0,,,
Y0209,,0,RAMSTEIN,,49.43,7.58,238.0,,,
Y0210,,0,SPANGDAHLEM,,49.97,6.68,365.0,,,
